id,name,model_id:id,group_id:id,perm_read,perm_write,perm_create,perm_unlink
access_philsteel_encoder,philsteel.infosheet.encoder,model_philsteel_infosheet,group_encoder_user,1,1,1,0
access_philsteel_encodera,philsteel.amrequests.encoder,model_philsteel_amrequests,group_encoder_user,1,1,1,0
access_philsteel_encoderab,philsteel.pisreports.encoder,model_philsteel_pisreports,group_encoder_user,1,1,1,0
access_philsteel_encoderabc,philsteel.nica.encoder,model_philsteel_nica,group_encoder_user,1,1,1,0
access_philsteel_encoderabcd,philsteel.pas.encoder,model_philsteel_pas,group_encoder_user,1,0,0,0
access_philsteel_encoderabcde,philsteel.customer_inquiry.encoder,model_philsteel_customer_inquiry,group_encoder_user,1,1,1,0
access_philsteel_encoderabcdf,philsteel.ccaa.encoder,model_philsteel_ccaa,group_encoder_user,1,0,0,0
access_philsteel_encoderabcdfg,philsteel.cicf.encoder,model_philsteel_cicf,group_encoder_user,1,1,1,0
access_philsteel_encoderabcdfgh,philsteel.iras.encoder,model_philsteel_iras,group_encoder_user,1,1,1,0
access_philsteel_field,philsteel.infosheet.field,model_philsteel_infosheet,group_field_engineers,1,1,1,0
access_philsteel_fielda,philsteel.amrequests.field,model_philsteel_amrequests,group_field_engineers,1,1,0,0
access_philsteel_fieldab,philsteel.pisreports.field,model_philsteel_pisreports,group_field_engineers,1,1,1,0
access_philsteel_fieldabc,philsteel.nica.field,model_philsteel_nica,group_field_engineers,1,0,0,0
access_philsteel_fieldabcd,philsteel.pas.field,model_philsteel_pas,group_field_engineers,1,1,1,0
access_philsteel_fieldabcde,philsteel.customer_inquiry.field,model_philsteel_customer_inquiry,group_field_engineers,1,1,1,0
access_philsteel_fieldabcdf,philsteel.ccaa.field,model_philsteel_ccaa,group_field_engineers,1,1,1,0
access_philsteel_fieldabcdfg,philsteel.cicf.field,model_philsteel_cicf,group_field_engineers,1,1,0,0
access_philsteel_fieldabcdfgh,philsteel.iras.field,model_philsteel_iras,group_field_engineers,1,1,0,0
access_philsteel_super,philsteel.infosheet.field,model_philsteel_infosheet,group_supervisor,1,1,0,0
access_philsteel_supera,philsteel.amrequests.field,model_philsteel_amrequests,group_supervisor,1,1,0,0
access_philsteel_superab,philsteel.pisreports.field,model_philsteel_pisreports,group_supervisor,1,1,0,0
access_philsteel_superabc,philsteel.nica.field,model_philsteel_nica,group_supervisor,1,1,0,0
access_philsteel_superabcd,philsteel.pas.field,model_philsteel_pas,group_supervisor,1,1,0,0
access_philsteel_superabcde,philsteel.customer_inquiry.field,model_philsteel_customer_inquiry,group_supervisor,1,1,0,0
access_philsteel_superabcdef,philsteel.ccaa.field,model_philsteel_ccaa,group_supervisor,1,1,0,0
access_philsteel_superabcdefg,philsteel.cicf.field,model_philsteel_cicf,group_supervisor,1,1,0,0
access_philsteel_superabcdefgh,philsteel.iras.field,model_philsteel_iras,group_supervisor,1,1,0,0
access_philsteel_man,philsteel.infosheet.field,model_philsteel_infosheet,group_manager,1,1,0,0
access_philsteel_manra,philsteel.amrequests.field,model_philsteel_amrequests,group_manager,1,1,1,0
access_philsteel_manab,philsteel.pisreports.field,model_philsteel_pisreports,group_manager,1,1,0,0
access_philsteel_manabc,philsteel.nica.field,model_philsteel_nica,group_manager,1,1,0,0
access_philsteel_manabcd,philsteel.pas.field,model_philsteel_pas,group_manager,1,1,0,0
access_philsteel_manabcde,philsteel.customer_inquiry.field,model_philsteel_customer_inquiry,group_manager,1,1,0,0
access_philsteel_manabcdef,philsteel.ccaa.field,model_philsteel_ccaa,group_manager,1,1,0,0
access_philsteel_manabcdefg,philsteel.cicf.field,model_philsteel_cicf,group_manager,1,1,0,0
access_philsteel_manabcdefgh,philsteel.iras.field,model_philsteel_iras,group_manager,1,1,0,0
access_philsteel_encoderabcdfghi,philsteel.amrimages.encoder,model_philsteel_amrimages,group_encoder_user,1,1,1,0
access_philsteel_encoderabcdfghij,philsteel.projects.encoder,model_philsteel_projects,group_encoder_user,1,1,1,0
access_philsteel_encoderabcdfghijk,philsteel.projectmanpower.encoder,model_philsteel_projectmanpower,group_encoder_user,1,1,1,0
access_philsteel_encoderabcdfghijkl,philsteel.android.encoder,model_philsteel_android,group_encoder_user,1,1,1,0
access_philsteel_encoderabcdfghijklm,philsteel.contacts.encoder,model_philsteel_contacts,group_encoder_user,1,1,1,0
access_philsteel_encoderabcdfghijklmn,philsteel.workscope.encoder,model_philsteel_workscope,group_encoder_user,1,1,1,0
access_philsteel_encoderabcdfghijklmno,philsteel.materials.encoder,model_philsteel_materials,group_encoder_user,1,1,1,0
access_philsteel_encoderabcdfghijklmnop,philsteel.positions.encoder,model_philsteel_positions,group_encoder_user,1,1,1,0
access_philsteel_encoderabcdfghijklmnopq,philsteel.projectactivities.encoder,model_philsteel_projectactivities,group_encoder_user,1,1,1,0
access_philsteel_encoderabcdfghijklmnopqr,philsteel.dailypas.encoder,model_philsteel_dailypas,group_encoder_user,1,1,1,0
access_philsteel_encoderabcdfghijklmnopqrs,philsteel.sitecontacts.encoder,model_philsteel_sitecontacts,group_encoder_user,1,1,1,0
access_philsteel_encoderabcdfghijklmnopqrst,philsteel.weeklypas.encoder,model_philsteel_weeklypas,group_encoder_user,1,1,1,0

access_philsteel_fieldabcdfghi,philsteel.amrimages.field,model_philsteel_amrimages,group_field_engineers,1,1,0,0
access_philsteel_fieldabcdfghij,philsteel.projects.field,model_philsteel_projects,group_field_engineers,1,1,1,0
access_philsteel_fieldabcdfghijk,philsteel.projectmanpower.field,model_philsteel_projectmanpower,group_field_engineers,1,1,1,0
access_philsteel_fieldabcdfghijkl,philsteel.android.field,model_philsteel_android,group_field_engineers,1,1,0,0
access_philsteel_fieldabcdfghijklm,philsteel.contacts.field,model_philsteel_contacts,group_field_engineers,1,1,1,0
access_philsteel_fieldabcdfghijklmn,philsteel.workscope.field,model_philsteel_workscope,group_field_engineers,1,1,1,0
access_philsteel_fieldabcdfghijklmno,philsteel.materials.field,model_philsteel_materials,group_field_engineers,1,1,1,0
access_philsteel_fieldabcdfghijklmnop,philsteel.positions.field,model_philsteel_positions,group_field_engineers,1,1,1,0
access_philsteel_fieldabcdfghijklmnopq,philsteel.projectactivities.field,model_philsteel_projectactivities,group_field_engineers,1,1,1,0
access_philsteel_fieldabcdfghijklmnopqr,philsteel.dailypas.field,model_philsteel_dailypas,group_field_engineers,1,1,1,0
access_philsteel_fieldabcdfghijklmnopqrs,philsteel.sitecontacts.field,model_philsteel_sitecontacts,group_field_engineers,1,1,1,0
access_philsteel_fieldabcdfghijklmnopqrst,philsteel.weeklypas.field,model_philsteel_weeklypas,group_field_engineers,1,1,1,0

access_philsteel_superabcdefghi,philsteel.amrimages.field,model_philsteel_amrimages,group_supervisor,1,1,0,0
access_philsteel_superabcdefghij,philsteel.projects.field,model_philsteel_projects,group_supervisor,1,1,0,0
access_philsteel_superabcdefghijk,philsteel.projectmanpower.field,model_philsteel_projectmanpower,group_supervisor,1,1,0,0
access_philsteel_superabcdefghijkl,philsteel.android.field,model_philsteel_android,group_supervisor,1,1,0,0
access_philsteel_superabcdefghijklm,philsteel.contacts.field,model_philsteel_contacts,group_supervisor,1,1,0,0
access_philsteel_superabcdefghijklmn,philsteel.workscope.field,model_philsteel_workscope,group_supervisor,1,1,0,0
access_philsteel_superabcdefghijklmno,philsteel.materials.field,model_philsteel_materials,group_supervisor,1,1,0,0
access_philsteel_superabcdefghijklmnop,philsteel.positions.field,model_philsteel_positions,group_supervisor,1,1,0,0
access_philsteel_superabcdefghijklmnopq,philsteel.projectactivities.field,model_philsteel_projectactivities,group_supervisor,1,1,0,0
access_philsteel_superabcdefghijklmnopqr,philsteel.dailypas.field,model_philsteel_dailypas,group_supervisor,1,1,0,0
access_philsteel_superabcdefghijklmnopqrs,philsteel.sitecontacts.field,model_philsteel_sitecontacts,group_supervisor,1,1,0,0
access_philsteel_superabcdefghijklmnopqrst,philsteel.weeklypas.field,model_philsteel_weeklypas,group_supervisor,1,1,0,0

access_philsteel_manabcdefghi,philsteel.amrimages.field,model_philsteel_amrimages,group_manager,1,1,0,0
access_philsteel_manabcdefghij,philsteel.projects.field,model_philsteel_projects,group_manager,1,1,0,0
access_philsteel_manabcdefghijk,philsteel.projectmanpower.field,model_philsteel_projectmanpower,group_manager,1,1,0,0
access_philsteel_manabcdefghijkl,philsteel.android.field,model_philsteel_android,group_manager,1,1,0,0
access_philsteel_manabcdefghijklm,philsteel.contacts.field,model_philsteel_contacts,group_manager,1,1,0,0
access_philsteel_manabcdefghijklmn,philsteel.workscope.field,model_philsteel_workscope,group_manager,1,1,0,0
access_philsteel_manabcdefghijklmno,philsteel.materials.field,model_philsteel_materials,group_manager,1,1,0,0
access_philsteel_manabcdefghijklmnop,philsteel.positions.field,model_philsteel_positions,group_manager,1,1,0,0
access_philsteel_manabcdefghijklmnopq,philsteel.projectactivities.field,model_philsteel_projectactivities,group_manager,1,1,0,0
access_philsteel_manabcdefghijklmnopqr,philsteel.dailypas.field,model_philsteel_dailypas,group_manager,1,1,0,0
access_philsteel_manabcdefghijklmnopqrs,philsteel.sitecontacts.field,model_philsteel_sitecontacts,group_manager,1,1,0,0
access_philsteel_manabcdefghijklmnopqrst,philsteel.weeklypas.field,model_philsteel_weeklypas,group_manager,1,1,0,0
