<odoo>
    <data noupdate="0">
        <record model="ir.module.category" id="module_category_philsteel">
            <field name="name">Philsteel</field>
            <field name="description"></field>
            <field name="sequence">100</field>
        </record>

        <record id="group_philsteel_user" model="res.groups">
            <field name="name">Philsteel User</field>
            <field name="category_id" ref="module_category_philsteel"/>
            <field name="users" eval="[(4, ref('base.user_root'))]"/>
            <field name="implied_ids" eval="[(4, ref('base.group_user'))]"/>
        </record>

       <!--  <record id="group_philsteel_encoder" model="res.groups">
            <field name="name">Encoder</field>
            <field name="category_id" ref="module_category_philsteel"/>
            <field name="users" eval="[(4, ref('base.user_root'))]"/>
            <field name="implied_ids" eval="[(4, ref('group_philsteel_user')),(4, ref('base.group_user'))]"/>
        </record> -->

        <record id="group_encoder_user" model="res.groups">
            <field name="name">Encoder</field>
            <field name="category_id" ref="module_category_philsteel"/>
            <field name="users" eval="[(4, ref('base.user_root'))]"/>
            <field name="implied_ids" eval="[(4, ref('group_philsteel_user')),(4, ref('base.group_user'))]"/>
        </record>
        
        <record id="group_field_engineers" model="res.groups">  
             <field name="name">Field Engineers</field>
            <field name="category_id" ref="module_category_philsteel"/>
            <field name="implied_ids" eval="[(4, ref('group_encoder_user')),(4, ref('base.group_user'))]"/>
        </record>
        
        <record id="group_supervisor" model="res.groups">
            <field name="name">Supervisor</field>
            <field name="category_id" ref="module_category_philsteel"/>
            <field name="implied_ids" eval="[(4, ref('group_field_engineers'))]"/>
        </record>

        <record id="group_manager" model="res.groups">
            <field name="name">Manager</field>
            <field name="category_id" ref="module_category_philsteel"/>
            <field name="implied_ids" eval="[(4, ref('group_supervisor'))]"/>
        </record>
    </data>
</odoo>